Employee_id,Department_id,First_name,Last_name,Gender,Email,Phone,Hire_date,Experience,salary
100,90,steven,king,M,sking@google.com@khan.com,515.123.4567,17=06=1987,16,24000
101,90,neena,kochhar,F,NKOCHHAR@gmail.com@khan.com,515.123.4568,18=06=1992,3,17000
102,90,lex,de haan,M,LDEHAAN@gmail.com@khan.com,515.123.4569,19=06=1992,6,17000
103,60,alexander,hunold,M,AHUNOLD@gmail.com@khan.com,590.423.4567,20=06=1992,2,9000
104,60,bruce,ernst,M,BERNST@gmail.com@khan.com,590.423.4568,21=06=1992,13,6000
105,60,david,austin,M,DAUSTIN@gmail.com@khan.com,590.423.4569,22=06=1992,19,4800
106,60,valli,pataballa,M,VPATABAL@gmail.com@khan.com,590.423.4560,23=06=1987,16,4800
107,60,diana,lorentz,F,DLORENTZ@gmail.com@khan.com,590.423.5567,24=06=1987,1,4200
108,100,nancy,greenberg,F,NGREENBE@gmail.com@khan.com,515.124.4569,25=06=1987,18,12000
109,100,daniel,faviet,M,DFAVIET@gmail.com@khan.com,515.124.4169,26=06=1987,7,9000
110,100,john,chen,M,JCHEN@gmail.com@khan.com,515.124.4269,27=06=1987,2,8200
111,100,ismael,sciarra,M,ISCIARRA@yahoo.com,515.124.4369,28=06=1987,8,7700
112,100,jose manuel,urman,M,JMURMAN@yahoo.com,515.124.4469,29=06=1987,14,7800
113,100,luis,popp,M,LPOPP@yahoo.com,515.124.4567,30=06=1987,5,6900
114,30,den,raphaely,M,DRAPHEAL@yahoo.com,515.127.4561,01=07=1987,2,11000
115,30,alexander,khoo,M,AKHOO@yahoo.com,515.127.4562,02=07=1987,17,3100
116,30,shelli,baida,F,SBAIDA@yahoo.com,515.127.4563,03=07=1987,19,2900
117,30,sigal,tobias,M,STOBIAS@yahoo.com,515.127.4564,04=07=1987,2,2800
118,30,guy,himuro,M,GHIMURO@yahoo.com,515.127.4565,05=07=1987,16,2600
119,30,karen,colmenares,M,KCOLMENA@yahoo.com,515.127.4566,06=07=1987,13,2500
120,50,matthew,weiss,M,MWEISS@yahoo.com,650.123.1234,07=07=1987,16,8000
121,50,adam,fripp,M,AFRIPP@aol.com,650.123.2234,08=07=1987,1,8200
122,50,payam,kaufling,M,PKAUFLIN@aol.com,650.123.3234,09=07=1987,17,7900
123,50,shanta,vollman,F,SVOLLMAN@aol.com,650.123.4234,10=07=1987,2,6500
124,50,kevin,mourgos,M,KMOURGOS@aol.com,650.123.5234,11=07=1987,1,5800
125,50,julia,nayer,F,JNAYER@aol.com,650.124.1214,12=07=1987,17,3200
126,50,irene,mikkilineni,F,IMIKKILI@aol.com,650.124.1224,13=07=1987,2,2700
127,50,james,landry,M,JLANDRY@aol.com,650.124.1334,14=07=1987,1,2400
128,50,steven,markle,M,SMARKLE@aol.com,650.124.1434,15=07=1987,16,2200
129,50,laura,bissot,F,LBISSOT@aol.com,650.124.5234,16=07=1987,19,3300
130,50,mozhe,atkinson,M,MATKINSO@aol.com,650.124.6234,17=07=1987,5,2800
131,50,james,marlow,M,JAMRLOW@outlook.com,650.124.7234,18=07=1987,7,2500
132,50,tj,olson,M,TJOLSON@outlook.com,650.124.8234,19=07=1987,2,2100
133,50,jason,mallin,M,JMALLIN@outlook.com,650.127.1934,20=07=1987,10,3300
134,50,michael,rogers,M,MROGERS@outlook.com,650.127.1834,21=07=1987,3,2900
135,50,ki,gee,M,KGEE@outlook.com,650.127.1734,22=07=1987,7,2400
136,50,hazel,philtanker,F,HPHILTAN@outlook.com,650.127.1634,23=07=1987,4,2200
137,50,renske,ladwig,M,RLADWIG@outlook.com,650.121.1234,24=07=1987,19,3600
138,50,stephen,stiles,M,SSTILES@outlook.com,650.121.2034,25=07=1987,5,3200
139,50,john,seo,M,JSEO@outlook.com,650.121.2019,26=07=1987,5,2700
140,50,joshua,patel,M,JPATEL@outlook.com,650.121.1834,27=07=1987,10,2500
141,50,trenna,rajs,M,TRAJS@msn.com,650.121.8009,28=07=1987,16,3500
142,50,curtis,davies,M,CDAVIES@msn.com,650.121.2994,29=07=1987,9,3100
143,50,randall,matos,M,RMATOS@msn.com,650.121.2874,30=07=1987,18,2600
144,50,peter,vargas,M,PVARGAS@msn.com,650.121.2004,31=07=1987,1,2500
145,80,john,russell,M,JRUSSEL@msn.com,011.44.1344.429268,01=08=1987,12,14000
146,80,karen,partners,F,KPARTNER@msn.com,011.44.1344.467268,02=08=1987,18,13500
147,80,alberto,errazuriz,M,AERRAZUR@msn.com,011.44.1344.429278,03=08=1987,15,12000
148,80,gerald,cambrault,M,GCAMBRAU@msn.com,011.44.1344.619268,04=08=1987,0,11000
149,80,eleni,zlotkey,M,EZLOTKEY@msn.com,011.44.1344.429018,05=08=1987,17,10500
150,80,peter,tucker,M,PTUCKER@msn.com,011.44.1344.129268,06=08=1987,2,10000
151,80,david,bernstein,M,DBERNSTE@hotmail.com,011.44.1344.345268,07=08=1987,19,9500
152,80,peter,hall,M,PHALL@hotmail.com,011.44.1344.478968,08=08=1987,10,9000
153,80,christopher,olsen,M,COLSEN@hotmail.com,011.44.1344.498718,09=08=1987,12,8000
154,80,nanette,cambrault,M,NCAMBRAU@hotmail.com,011.44.1344.987668,10=08=1987,12,7500
155,80,oliver,tuvault,M,OTUVAULT@hotmail.com,011.44.1344.486508,11=08=1987,1,7000
156,80,janette,king,F,JKING@hotmail.com,011.44.1345.429268,12=08=1987,12,10000
157,80,patrick,sully,M,PSULLY@hotmail.com,011.44.1345.929268,13=08=1987,15,9500
158,80,allan,mcewen,M,AMCEWEN@hotmail.com,011.44.1345.829268,14=08=1987,1,9000
159,80,lindsey,smith,F,LSMITH@hotmail.com,011.44.1345.729268,15=08=1987,19,8000
160,80,louise,doran,M,LDORAN@hotmail.com,011.44.1345.629268,16=08=1987,12,7500
161,80,sarath,sewall,M,SSEWALL@live.com,011.44.1345.529268,17=08=1987,2,7000
162,80,clara,vishney,F,CVISHNEY@live.com,011.44.1346.129268,04=04=1992,14,10500
163,80,danielle,greene,M,DGREENE@live.com,011.44.1346.229268,19=08=1987,6,9500
164,80,mattea,marvins,M,MMARVINS@live.com,011.44.1346.329268,20=08=1987,8,7200
165,80,david,lee,M,DLEE@live.com,011.44.1346.529268,21=08=1987,0,6800
166,80,sundar,ande,M,SANDE@live.com,011.44.1346.629268,22=08=1987,19,6400
167,80,amit,banda,M,ABANDA@live.com,011.44.1346.729268,23=08=1987,13,6200
168,80,lisa,ozer,F,LOZER@live.com,011.44.1343.929268,10=01=1981,10,11500
169,80,harrison,bloom,M,HBLOOM@live.com,011.44.1343.829268,25=08=1987,12,10000
170,80,tayler,fox,M,TFOX@live.com,011.44.1343.729268,26=08=1987,7,9600
171,80,william,smith,M,WSMITH@mail.com,011.44.1343.629268,27=08=1987,20,7400
172,80,elizabeth,bates,F,EBATES@mail.com,011.44.1343.529268,28=08=1987,17,7300
173,80,sundita,kumar,F,SKUMAR@mail.com,011.44.1343.329268,29=08=1987,6,6100
174,80,ellen,abel,M,EABEL@mail.com,011.44.1644.429267,30=08=1987,1,11000
175,80,alyssa,hutton,F,AHUTTON@mail.com,011.44.1644.429266,31=08=1987,6,8800
176,80,jonathon,taylor,M,JTAYLOR@mail.com,011.44.1644.429265,01=09=1987,6,8600
177,80,jack,livingston,M,JLIVINGS@mail.com,011.44.1644.429264,02=09=1987,13,8400
178,0,kimberely,grant,M,KGRANT@mail.com,011.44.1644.429263,03=09=1987,9,7000
179,80,charles,johnson,M,CJOHNSON@mail.com,011.44.1644.429262,04=09=1987,3,6200
180,50,winston,taylor,M,WTAYLOR@mail.com,650.507.9876,05=09=1987,8,3200
181,50,jean,fleaur,M,JFLEAUR@yandex.com,650.507.9877,06=09=1987,12,3100
182,50,martha,sullivan,F,MSULLIVA@yandex.com,650.507.9878,07=09=1987,15,2500
183,50,girard,geoni,M,GGEONI@yandex.com,650.507.9879,08=09=1987,18,2800
184,50,nandita,sarchand,F,NSARCHAN@yandex.com,650.509.1876,09=09=1987,4,4200
185,50,alexis,bull,M,ABULL@yandex.com,650.509.2876,10=09=1987,9,4100
186,50,julia,dellinger,F,JDELLING@yandex.com,650.509.3876,11=09=1987,13,3400
187,50,anthony,cabrio,M,ACABRIO@yandex.com,650.509.4876,12=09=1987,19,3000
188,50,kelly,chung,F,KCHUNG@yandex.com,650.505.1876,13=09=1987,13,3800
189,50,jennifer,dilly,F,JDILLY@yandex.com,650.505.2876,14=09=1987,8,3600
190,50,timothy,gates,M,TGATES@yandex.com,650.505.3876,15=09=1987,2,2900
191,50,randall,perkins,M,RPERKINS@rediff.com,650.505.4876,16=09=1987,5,2500
192,50,sarah,bell,F,SBELL@rediff.com,650.501.1876,17=09=1987,18,4000
193,50,britney,everett,F,BEVERETT@rediff.com,650.501.2876,18=09=1987,16,3900
194,50,samuel,mccain,M,SMCCAIN@rediff.com,650.501.3876,19=09=1987,7,3200
195,50,vance,jones,M,VJONES@rediff.com,650.501.4876,20=09=1987,5,2800
196,50,alana,walsh,F,AWALSH@rediff.com,650.507.9811,21=09=1987,7,3100
197,50,kevin,feeney,M,KFEENEY@rediff.com,650.507.9822,22=09=1987,18,3000
198,50,donald,oconnell,M,DOCONNEL@rediff.com,650.507.9833,23=09=1987,11,2600
199,50,douglas,grant,M,DGRANT@rediff.com,650.507.9844,24=09=1987,1,2600
200,10,jennifer,whalen,M,JWHALEN@rediff.com,515.123.4444,25=09=1987,11,4400
201,20,michael,hartstein,M,MHARTSTE@rediff.com,515.123.5555,26=09=1987,13,13000
202,20,pat,fay,M,PFAY@rediff.com,603.123.6666,27=09=1987,10,6000
203,40,susan,mavris,M,SMAVRIS@rediff.com,515.123.7777,28=09=1987,13,6500
204,70,hermann,baer,M,HBAER@rediff.com,515.123.8888,29=09=1987,15,10000
205,110,shelley,higgins,M,SHIGGINS@rediff.com,515.123.8080,30=09=1987,17,12000
206,110,william,gietz,M,WGIETZ@rediff.com,515.123.8181,01=10=1987,19,8300
